id,comment,toxicity
10495,Damn even memes getting quarantined,0.9786431
10496,Thank We really need break wholesome memes days,0.0069150673
10497,Thank I go r wholesomememes try escape fears modern day life seeing Covid 19 Memes unhelpful scary,0.00875342
10498,I glad I need break,0.007865937
10499,Thank much Just seeing much stuff virus gives panic attack,0.012131233
10500,Thank much Very helpful We need mental health break badly Thank creating space,0.0069283554
10501,Stay safe people,0.008150292
10502,My anxiety high I see read Coronavirus related Finally place get away üôè,0.012275074
10503,Thank I really appreciate I tired seeing shitty coronavirus memes,0.0041852035
10504,thank god love sub,0.018620647
10505,If anyone reading anyone family 60 call wait awake Talk Ask everything wanted know Ask day Tell need anything Oh worried Coronavirus tell wash hands touch face,0.01582818
10506,Heavenly,0.026296483
10507,Thank,0.0055052913
10508,Thank,0.0055052913
10509,THANK YOU üôè,0.004567178
10510,Agggh thanks guys lot us really needed break,0.007309851
10511,Thank I need break,0.003418817
10512,I wish meme subreddits I sick coronavirus memes,0.48435876
10513,Wait r news jealously provided news,0.0061290953
10514,Thank I literally popped attempt get away My heart rate take anymore,0.015882114
10515,oH nO bEeR vIrUs,0.030432275
10516,I wanted feel bit better crisis curious see r wholesomememes would handle help see bright side things I get finding decided ignore bit disappointing,0.0034236992
10517,deleted,0.013198465
10518,Because coronavirus wholesome thing,0.006609626
10519,How post plz I need help,0.008340361
10520,Thank,0.0055052913
10521,Thank,0.0055052913
10522,Thank much Had minor panic attack bombardment US press briefs reading worldnews politics etc came reset disappointed,0.004940842
10523,I really feel better I need COVID stress I trying feel wholesome,0.007177334
10524,It appropriate ban memes wholesome memes website It necessary present lecture Covid people going wholesome memes site probably want break anyway,0.004443215
10525,Really good choice I become even depressed stuck indoors since I moved French part Canada I struggling make friends fact I stuck indoors help Coronavirus memes remind reality reason I r WholesomeMemes sake forgetting reality Stay safe wash hands everyone,0.0070096836
10526,Thank much creating truly enforcing temporary rule It might seem silly honestly seeing virus related things day everywhere else good one spot I know I bombarded anything like Wholesome us grateful one place try pretend everything normal ‚ô•Ô∏è,0.12992026
10527,Thank god see anything else related corona im gonna throw enough already fuck,0.017468352
10528,Can I like things,0.0054482487
10529,Thank much,0.0043705227
10530,Gg,0.026296483
10531,More wholesomeness,0.022691455
10532,Aw man I thought mine wholesome talk much,0.0350734
10533,yay depressing topics ill go,0.0029109851
10534,platinum,0.026296483
10535,Great call Thank,0.0038232938
10536,I like idea I know I gotten overwhelmed COVID 19 posts point take break social media Plenty funny ignorant hurtful It nice able go page I take break,0.38053206
10537,Yes unoriginal memes,0.011987087
10538,Generously,0.026296483
10539,Why I comment,0.0032371604
10540,Your post Covid 19 info posted 45 days ago It outdated misleading,0.0029496301
10541,Wow quarantine memes,0.014324858
10542,Ok,0.026316775
10543,r,0.0088662375
10544,Good idea Hope keeping safe,0.004121267
10545,There longer 69 comments im haha funny,0.0020617682
10546,Thanks I writing article get mind away current events school newspaper I using subreddit first example,0.00691908
10547,K,0.07247623
10548,also ban showering love affection memes well theyre also unoriginal,0.0061837933
10549,Everything time There things make fun Thank heart issue üôèüèºüíØ Since yesterday tha I found page aww I get enough reading posts This page humor funny yet heart caring stay Keep You helping cyber world less polluted üòá,0.009276976
10550,thank 60 literally every subreddit virus It nice take break,0.043665096
10551,Everyone liked meme,0.0034271374
10552,ok,0.026316775
10553,Virus memes allowed first place,0.0090155145
10554,Hhh,0.026296483
10555,Thank You stay safe,0.0026083284
10556,So switching Wholesome Memes bans Covid memes ok still Covid satire comments Is useful DarkHumorOnCovid 19 subreddit,0.003157536
10557,Good idea,0.0066970745
10558,I guessing typo Probably meant generously,0.0037723817
10559,I agree,0.003993541
10560,Maybe start posts It sad empty,0.021351375
10561,I remove info Thanks,0.0055269874
10562,That awesome Make sure let know done I love read,0.025142416
10563,secz,0.026296483
10564,nan,0.026296483
10565,I got mate,0.007285897
10566,This I make friends people big ears,0.13469552
10567,Coulda called story tale,0.006725824
10568,I imaginary,0.034508653
10569,Be cute fox snake,0.39736554
10570,Cute,0.020499907
10571,Need something Hmm I ears,0.31537655
10572,Well I believe anybody 100 ears,0.02265766
10573,What story,0.003998229
10574,Why book thick Mr Fox,0.009128078
10575,That adorable I hear phrase without thinking donnie darko,0.0033627572
10576,I imagine reaction ears perk I joke,0.065999925
10577,Aww elephant darn adorable,0.97758794
10578,Awww üòäüëÇ,0.026296483
10579,Should made fox Giraffe,0.0134074
10580,Aww,0.026296483
10581,He nose good friend,0.027296273
10582,boooooo,0.026296483
10583,Often long story means want tell case I ears super wholesome,0.18379371
10584,Yeah big missed opportunity,0.011041471
10585,Are familiar phrase I ears,0.29523063
10586,It loose reference Guardians Galaxy loose I guess bad,0.14680931
10587,Glad I asked I dived MCU much,0.008967448
10588,My wife chat history become string cute animal gifs sending working across room,0.15355046
10589,I love Is brain nice today That real depression This super cute,0.13079861
10590,The man behind slaughter,0.34843406
10591,I uncultured I know nearly many memes sibling My friend folder full memes like 3 000 memes,0.0067957416
10592,Totally spammed boyfriend memes 20 minutes answering I need attention I want love,0.035924766
10593,Gifs main love language,0.010148962
10594,Me gf send memes time,0.006014022
10595,1 people 2 redditors,0.00985322
10596,im dead inside,0.05308344
10597,I though monopoly cards thrown lol,0.05284795
10598,u RainebowEvee I feel every time ask I dinner,0.0052646864
10599,We able give instant meme printouts people especially SO Life easier special days,0.0042546983
10600,I around many,0.0059039453
10601,Man working need one transfer idea,0.019754343
10602,bro literally,0.060558546
10603,The second one literally,0.05653403
10604,sent 100 memes gifs time might block,0.0093775485
10605,Like thats ever gonna happen,0.012079052
10606,1 boyfriend 2 lmao,0.013047596
10607,LOVE AND SUPPORTüíñüíóüíïüíùüíìüò≠üíõ‚ú®ü•∫üíìüíòüíùüíûüíïüíóüíñüíùüíõüíì‚ú®üíòüíñüíóüíïüíù‚ú®üíòüíõ,0.014745881
10608,I one This great,0.0058673844
10609,Fluent,0.026296483
10610,Cute way express,0.01598104
10611,Me unfortunately lots ppl recognize love language,0.004386804
10612,Here one hundred memes,0.007966539
10613,Both good,0.006526184
10614,I swear I get gf better prepare inbox flood adorable animal gifs pics So many puppies kittens I sort guy across globe exotic city get excited someone dog nearby,0.012471181
10615,My bf mad I want show things I try get üòî If I try takes phone lmao,0.026958758
10616,I send memes like 40K DnD partner always appreciates even doesnt always understand straight away yknow,0.006478017
10617,w,0.010657738
10618,Gonna send gf,0.0048961365
10619,I think strong sign love see something funny cool someone think IMMEDIATELY HAVE share It necessarily romantic love I love friends I love wife It different love love,0.007049949
10620,My crush really likes memes send like 30 memes every day,0.041066207
10621,brain nice,0.16458705
10622,Is brain nice today would probably warm considerate thing anyone could ask,0.01909222
10623,Simp,0.026296483
10624,I thinking 20 year anniversary I going print bind entire text history The gifs work well really fun,0.0050060404
10625,I glad I one noticed,0.0048435014
10626,Its long,0.011832647
10627,It 2011 anymore memes become outdated less week Keeping thousands old memes folders fine meme historian good sending anyone without embarrassing,0.06976702
10628,Are sure memes,0.008992217
10629,But welcome reddit I happy teach memes time üôÇ,0.007664554
10630,Can I memes üëâüèºüëàüèº,0.006007011
10631,Would like Flowers Also matter I 12,0.003757045
10632,Is bad I laughed really hard bc,0.007837257
10633,This us üòÇ,0.010652456
10634,That cute idea,0.04145816
10635,Now I glad mentioned I completely skipped first time 3,0.0046433266
10636,Since last seen son,0.017856963
10637,Damn man I spoil others fun If wanna send memes let em,0.95005774
10638,The folder Yeah My friend told,0.018372158
10639,Lol I year I still feel uncultured XD Please teach memes,0.023356255
10640,Yes course bb,0.008332382
10641,Also I lot older 12 I happily accept digital flowers üòä,0.0011457256
10642,Since I post gif directly https giphy com gifs jeopardy college championship 2018 48Pbi7B1hEdVZxifqY,0.0018654962
10643,We hit 10 years Our convo like 3 gigs long Maybes done ten year,0.007339251
10644,To monster,0.36213857
10645,Sorry thought would obvious comment involving meme historians talking memes like serious business actually meant taken seriously,0.00762433
10646,Rightyyo nice day evening,0.0028110298
10647,Y√¶ I get memes,0.010797414
10648,üíêüå∑üåπ üôÇ,0.026296483
10649,I heard yes want flowers matter I 12 üòò,0.0055700885
10650,How many pages,0.021917569
10651,Only 3 GB Do never send memes gifs,0.0060400143
10652,To man behind slaughter,0.25585738
10653,Oh bad Sorry I good recognizing stuff like,0.0072284024
10654,Thanks clarifying I missed sarcasm,0.0016941596
10655,Lol,0.0026565315
10656,Here meme 3 http imgur com gallery HOJMYl8,0.017661598
10657,You sweet üòÅ https giphy com gifs gilmoregirls netflix gilmore girls 3ohA2PXTmJSqIWCAx2,0.009379211
10658,Many,0.028456677
10659,Since gone,0.011596476
10660,Ah thank 3,0.0030541255
10661,deleted,0.013198465
10662,Thanks üòÑ,0.011605497
10663,I singing stupid song,0.9965455
10664,Hey hey hey go get E Girl one mine,0.016808027
10665,So I could ponder,0.0066144965
10666,The sanity mother,0.0045541395
10667,I wish I lived present,0.0066603823
10668,Hello What nice gif I hope everyone excellent day Please sure share us r wholesomegifs already We love see well Thanks I appreciate http imgur com hbgtV4y gifv I bot action performed automatically Please contact moderators subreddit message compose r wholesomememes questions concerns,0.0013625504
10669,TACKLE,0.005908822
10670,The tall guy got engaged,0.0057511325
10671,To married,0.0045404267
10672,I miss dog My cat could care less I long I put food bowl I still love would nice someone happy I get home Can take care dog right,0.01410609
10673,I really understand context gif,0.0023044606
10674,Me hugging friend calms,0.008220789
10675,This I wish I dog,0.026061641
10676,This story never fails make giggle,0.00662998
10677,This accurate,0.0041497005
10678,It funny think dog man knocked,0.23932397
10679,My dog fucks leg see come home,0.049788535
10680,She looks young Grandma,0.030418292
10681,Damn I really need get dogü§ß,0.9745131
10682,She still got fault That unpossible,0.011989432
10683,Yesterday I worked longest shift job I ever worked I came home exhausted legs drenched ice cream I spilled And I wait everyone done showers I could finally take shower But I worked extra long shift two bulldogs seen And greeting exactly like Michael Scott tackles Jim spent next 15 minutes licking icecream shoes,0.004330688
10684,old It never happens üòñ,0.006018539
10685,We deserve dogs,0.030781042
10686,Me I see homies,0.007415955
10687,She looks young Grandma,0.030418292
10688,If cat exactly te opposite,0.002966135
10689,What cutie u,0.022130346
10690,What Mike like one guys dad,0.010378819
10691,So I need watch office,0.00857053
10692,Gotta watch office high time,0.030130628
10693,Right security perspective tho,0.005068315
10694,Dog dawg,0.10158204
10695,Don make cry,0.12841128
10696,Sorry,0.019861689
10697,I saw episode today LOL,0.035317015
10698,The 16 year old westie like put wheel chair feed turn right back around He knows runs shit,0.98885953
10699,What feeling leg,0.010562991
10700,Reminds castiel dean comes back,0.00440325
10701,dog first day bought second day onwards stopped u know took fun fucking,0.009427326
10702,Sndjnd,0.026296483
10703,Michael looks deformed,0.009727588
10704,dog died today,0.020608347
10705,This relatable every morning I go greet first time saw even food I feed food eats amount enthusiasm adorable This made feel really better Thanks sharing,0.007824044
10706,Is Office,0.010833436
10707,I love,0.0095455395
10708,Could u tell name show please,0.010948661
10709,live parents every time let dog kennel morning runs room jump bed lick face peaceful life,0.010354856
10710,My dog exact I four days four minutes,0.009065204
10711,I 2 dogs one know exactly one huge great dane always strikes come home makes day,0.01341377
10712,We really deserve They THE BEST,0.0068532242
10713,BARKOUR,0.026296483
10714,funeral bird,0.00032652976
10715,To married,0.0045404267
10716,Cats different One cats hugs whenever I pick Another care less long sleep feet It realy depends And besides EARN cat love Dog love everybody,0.029084751
10717,My cats great every single time I come home Maybe try building better bond playing trying teach kitty tricks It hilarious teach cats tricks prefer try grab treats extra awesome trick,0.068168394
10718,It Jim announced Pam got engaged Michael got excited hence tackle hug edit Here link scene https youtu rLZE9drb0CQ,0.0008287588
10719,Jim hav babby Michael happy,0.007186732
10720,Most games I friend,0.005346594
10721,It US version The Office,0.0064179623
10722,Yes love two big dogs,0.054252338
10723,r dogberg,0.0088662375
10724,Pretty sure none real,0.007184939
10725,I watched episode,0.025744265
10726,She loves hug adorable I walk door sleeping one spots I call come,0.010323966
10727,I started watching office I hoping would happen whole time although I spoilered I somehow happy mad Thank,0.01527805
10728,dude spoil,0.025284983
10729,I hoping something happy,0.004291771
10730,Thanks lot,0.006725349
10731,cousins SMH man,0.00087823527
10732,You real man,0.061905276
10733,You real man,0.061905276
10734,You real man,0.061905276
10735,oh kitty cat comes hopping I call He shelter kitten jumped right shoulder I walking instant bond,0.024014002
10736,I sorry man wife I started binging quarantine literally 2nd rewatch I seen many clips show I felt like I knew things going turn,0.017709868
10737,Heres another spoiler Man invents fire,0.11677203
10738,I sorry man,0.061115243
10739,Yeah dude used work,0.0071251243
10740,I two dogs cat dogs always get really excited jump I see cat also shows enthusiasm I come meowing jumping pet,0.04749699
10741,Not mention 7 years pretty sure past time consideration possible spoilers It soooo binge worthy,0.006647523
10742,As I said okay I feel like office show ruined spoilers And yeah I feel Suddenly I recognize many clips I like bam ba ba bam Michael Scott,0.012442134
10743,worry I watched Roy marriage episode,0.0051426836
10744,Hello This quick reminder new friendos read subreddit rules http old reddit com r wholesomememes sidebar  Rule 4 Please troll harass generally rude fellow users Be nice leave political religious arguments subs We trusting wholesome r wholesomememes please let us We believe Also please keep mind even seen post repost unless sub another sub crosspost xpost We glad Have wonderful day 3 Please stop rest Wholesome Network Of Subreddits http old reddit com user awkwardtheturtle wholesome,0.012754678
10745,Reminds online friend We group 3 pretty tight one us pretty much drop contact due rl Then randomly couple months ago contacted friend even sometimes talks happy made especially since lonely trouble reaching first,0.003699146
10746,I love Holt meme trend,0.0027216126
10747,No one,0.011390476
10748,I watched episode last night first thing I see reddit morning Nice,0.007208372
10749,About amazing new business venture definitely MLM,0.0055451086
10750,NINE NINE,0.012201934
10751,Well look time someone needs favor,0.00817286
10752,Until turns pyramid scheme pitch,0.0042876587
10753,lol messaged friend I spoken months asking got nothing üëç back Rude,0.027437268
10754,Hot damn,0.99374545
10755,This reminds I reached grandfather lives side country I never met even know name sister told found reached He happy reached made happy stop talking joy us reaching Apparently grandmother took mom away 2 know daughter 14 years He could never connect anyone family spent last decades waiting someone reach So sad think I happy finally able connect,0.0015911252
10756,Aw reminds one closest friends take break mental health reasons He gone months times I thought I gonna year Then I ended going really bad breakup It sucked I felt miserable entire day I ended getting text next day caught asked I everything It incredibly sweet made feel whole lot better,0.23557888
10757,lucky person friends past ignore even I message sucks I basically one talk lol,0.50149536
10758,This actually happened today,0.0029084047
10759,Man I wish friend still around text randomly I miss talking lot He passed couple years ago,0.007380714
10760,Friend hi r u Me hii Its long time Friend chemistry homework Me,0.0126289325
10761,This happened like 3 hours ago,0.0051552583
10762,I love Lets text old friends,0.007809409
10763,lost someone number close helped get used heavier workload school recently texted caught wanted cry laugh scream happiness,0.25526428
10764,It nice know people talk still think,0.009236808
10765,I sent like 10 people done,0.006727843
10766,Had bad day recently best friend years ago lost contact randomly texted showed friends,0.007839486
10767,A surprise sure welcome one,0.012135034
10768,So strange happened today,0.0016338769
10769,My Dinner With Andre,0.00381492
10770,A good friend feels like extra life If ever find one let slide,0.0072307643
10771,I feel like Holt makes normal non smiley person üòê time life,0.014476105
10772,It good friend u talk always,0.010488933
10773,You never bad days bad moments Dallas Diamond Page,0.0077446387
10774,This confirms I already knew Brooklyn nine nine great source memes,0.0030405687
10775,Ray Holt best boi,0.0044320733
10776,Imagine friends,0.011744361
10777,I got mail today soccer coach I last saw 6 years ago Good times,0.0038604797
10778,MLM Marketing,0.007777143
10779,Hey need quick favor,0.00887091
10780,damn wish could relate,0.9906861
10781,Such great show im rewatching third time,0.008227211
10782,I always send first text get people talk,0.010344386
10783,Literally happened Thanks Angie‚ù§Ô∏è,0.0043238485
10784,Yeah time really happened old coworker messaged inviting coffee guise catching could instead use attention proselytize church Word advise religious If want try convince someone join magical sky daddy club deceitful lying effective first step,0.00587924
10785,Turns pyramid scheme,0.013556766
10786,Or n x e,0.023730995
10787,To help bury part body,0.043670483
10788,I thought r brooklynninenine u raymondholt,0.018523073
10789,Awww wholesome af Love friends ‚ù§Ô∏è,0.008965476
10790,When I bad day I played game meet guys lot funny actions 3 I think game also way relax u stress,0.003602774
10791,I got anxiety reading My old friends assholes I want get texts,0.009050156
10792,Its brave assume got friends,0.004440725
10793,Toit toit toit doubt doubt doubt smort,0.007061939
10794,My friend Derek popped recently drunk unannounced whatsapp months Guy helping cope lot atm including ex knows using abusing,0.1542734
10795,Seeing meme inspired contact old friends I currently 5 conversations people I lost touch,0.008197612
10796,Started singing head start reason,0.008655815
10797,holt,0.026296483
10798,I heard one friends awhile stepdad alcoholic abused brothers phone taken away year I heard since I hope ok I getting emotional talking,0.003487157
10799,I wish That shit never happens AND I recently lost,0.98303646
10800,Lmfao mans really surprise lol,0.003383455
10801,Oh great Can nice things,0.008068709
10802,Don know,0.01096091
10803,Take time,0.0084582865
10804,This definitely,0.011179581
10805,Jeez It surprise lol,0.0035846054
10806,More like ugggh I feel obligated respond might end carry conversation This exhausting please leave alone But I want rude I give easiest shortest replies feign interest 5 mins,0.014516466
10807,It nice see dermatologist,0.012175853
10808,I broke asked dollar borrowed compound interested 100 per day,0.0011383627
10809,Yeah literally movie wtf,0.48193067
10810,I get stressed happens,0.0050983285
10811,First things comes mind want,0.009081698
10812,nan,0.026296483
10813,Ok happened It girl I like She said liked two Score,0.010841962
10814,I like part Smiling,0.0023669412
10815,I dont friends,0.0058961194
10816,The last text I got friend december,0.0061681382
10817,Backed MLM scheme,0.007809484
10818,When Iggy let fair,0.013758649
10819,This actually happens people,0.010135099
10820,All funny,0.012928642
10821,True,0.01308087
10822,Uh smiling,0.00049610186
10823,üòÇüòÇ,0.026296483
10824,And send something like boop poke Where busy bee I need busy bee girlfriend whenever I feel,0.0045348294
10825,Wowza What pleasant surprise,0.002189072
10826,At least fine,0.008131078
10827,You guys friends I sitting room building Gunpla sad lonely introvert EDIT added word,0.017514504
10828,I think meme supposed sarcastic,0.010815117
10829,r unexpectedbrooklyn99,0.0088662375
10830,I got,0.00602658
10831,It MLM It Network generating strategy using limited one one marketing binary system,0.005749399
10832,Can people help PLEASE There old friends I would love reach I idea talk What reach people talked long time Thanks,0.0053901705
10833,It surprise one,0.010082931
10834,Havent friend hit 3 years depression isolation bih hey guess thats story goes uss ‚ù§Ô∏è,0.02999709
10835,This literally happened right I came across I scrolling immediately sent person texting Couldn really get perfect,0.0068338374
10836,When bad day And gf breaks I tried sad sad cry,0.032688227
10837,I bad day yesterday go class old friend rarely talk came told getting buzzcut buzzcut made day,0.009045752
10838,This sub lost way,0.033179685
10839,This sub literally worst Reddit üò©üëåüèªü§™,0.37251982
10840,Almost thing happened The girl I go back seven years way xbox 360 classic minecraft Then one day stopped talking life went every pop talk week would dip cycle repeated Most time like 6th sence cause would always pop I angry upset sad something would talk without prying Along way I developed major crush say anything The last month popped added SC talking ever since I need work guts ask wants meet,0.0063171
10841,rocket league become super intense thing happened Lost friends bc I grinding day everyday time keep anyone,0.0033954927
10842,Oh damn I even notice B99 sub,0.8029742
10843,Hello,0.010560524
10844,Hello hello Just called say hello I sleep tonight I know late I wait,0.014282187
10845,You got anyone friend Just gratifying,0.010169044
10846,It better like person old best friend left crush got mad,0.073836036
10847,I thinking friends afraid find weird,0.094688736
10848,I good friend,0.0050086062
10849,I found people start reaching reach first The honest truth people tend stop thinking people involved lives reach radar hopefully start reaching Obviously 100 return rate surprised many people text first invite things make effort keep touch Someone make first move I think amount work goes maintaining friendships people see daily basis really understated,0.0023416504
10850,My best friend barely responds lmao,0.0055275294
10851,Someone actually last month really lift spirits like week Then I found friend texted boyfriend something technical first suggested text check So actually lovely spontaneous showcase friendship I guess I happy I bf cares enough get friends pretend like really feel know,0.005211039
10852,I totally relate,0.05168827
10853,Hello darkness old friend üñ§,0.004809203
10854,Which episode,0.02164504
10855,NOICE,0.026296483
10856,Nutriboom,0.026296483
10857,Hey hun long time talk I wondering like make money phone joining team,0.004719731
10858,Cheers Ninety Ninth Precinct,0.0010956592
10859,much better ONE TWO TWO Youd sounded like damn choo choo train,0.93388397
10860,NINE NINE,0.012201934
10861,NEIN NEIN,0.026296483
10862,I see met ex husband,0.008940349
10863,Maybe havin bad day D,0.007921666
10864,You think rude I got message left read someone I mistakenly considered friend,0.018695487
10865,What ass,0.9848258
10866,At least got reply lol I messaged old friend recently nice back forth something trivial I decided ask recent craziness radio silence I realize might well may shitty question sorry caring,0.0076255645
10867,I got NOTHING back,0.007695552
10868,Vindicatiooooooon,0.026296483
10869,Omg like heartbreaking heartmending time,0.012280126
10870,Same,0.01869473
10871,Look helped find smile,0.0020773131
10872,Nahh,0.026296483
10873,Then tf u,0.029261151
10874,I hope meet soon good luck bro,0.007890838
10875,Do Worst case scenario says stop thinking could happened,0.015583098
10876,I similar boat ago ask I let eat years eventually guy lesbian haircut took I eventually tell get weight back really much However 4 months later I met amazing girl I ever met Very white dark brown hair kind eyes green towards outside irises gradually become blue middle We agree everything differences hey agreed everything get little boring After knowing month half I stsrted dating never happier Haven even thought crush first girl I read thread even though still good friends Don wait man motherfucking CanadianScotsman Get shit If work fuck going anywhere anyway happy man Good luck endeavors good day,0.6061357
10877,Do The thing regret anything You look back wonder could You peace future even answer today At least know,0.0051283934
10878,clears throat yelling YOU CAN DO IT,0.08056289
10879,Would like boss,0.0065146275
10880,Oh damn oh damnn oh DAMN And three Oh Damns,0.9890792
10881,Hey friends one loves,0.018054415
10882,Hello I piece toast,0.0011161397
10883,No,0.013653734
10884,Ouch,0.026296483
10885,Oof,0.026296483
10886,It helps know many people feel way I mean id glad hear friend,0.0054874555
10887,Well tried long time It doesnt work like I things common people shit humor connections people like hobbies,0.86870706
10888,Focus boyfriend part,0.05683823
10889,At least cared As someone socially maladjusted I sure heart right place,0.008764975
10890,It season 2 episode 1 iirc I watched last night I exactly certain,0.0052855085
10891,Boom boom Jake,0.0058161863
10892,Terry mincing shouting One two twoOoOo like second negative thing I ever seen,0.034473605
10893,Good point Ngl weighing mind bit need think deeply,0.0073771933
10894,Would almost preferred reply The response I got dismissive,0.00574286
10895,Thanks mate,0.009861438
10896,You earned title Boss Man u AbsoluteChad That one motivating comments I seen site,0.009201393
10897,Should call text let know Ive texting snapping past couple months,0.008958717
10898,Hell yeah What great attitude share whatever killing man,0.6709107
10899,Not Bill,0.005835364
10900,Boom Boom,0.0058161863
10901,Now say Punk,0.03326146
10902,Same forklift boi It hurting little doe,0.0075305514
10903,First time,0.010247364
10904,well ily hope u amazing day,0.005870529
10905,Many us feel right You alone My dms open want make new friend,0.008529841
10906,Hi piece toast I dad,0.0025016204
10907,Or know,0.0063853553
10908,See kinda point really feel better rationalize situation And I commiserate anyone pain bad someone else one cares Thanks,0.01981203
10909,Yeah Amy shows precinct numbers assures good job,0.015999693
10910,Alright thanks,0.012836063
10911,It like opening doors folks Them responding matter,0.02355136
10912,If got Canadian love,0.008065325
10913,You got King,0.006205646
10914,I dunno situation good sir I recommend probably calling times,0.0034076273
10915,It depressing shit ya,0.94216937
10916,Thanks,0.011605497
10917,No new table,0.008353819
10918,r edditinanutshell,0.0088662375
10919,The face lol,0.07053003
10920,It truly,0.0068657612
10921,r subsIthoughtIfellfor,0.0088662375
10922,It truth,0.007669038
10923,r foundthetoyotacorolla,0.0088662375
10924,Love thumbs,0.0037452872
10925,snickers coffee hungry thirsty,0.10308758
10926,I need someone like cat life,0.03441353
10927,That cat tall trees,0.000101461825
10928,nan,0.026296483
10929,How big cat,0.025482785
10930,cute,0.020499907
10931,And made dark mode compatible You upvote,0.009867315
10932,Poor guys worked really hard,0.018348629
10933,I trying figure second picture showed guy hitting face giant dick I realized rock,0.025012746
10934,Wow strong heyiambee,0.0108103985
10935,Yeaaaaa,0.026296483
10936,JudgeZZZ,0.026296483
10937,Wholesome meme week 3,0.009820819
10938,Idk sucks like someone like open lot people becomes weak Someone want display true feelings become weak,0.77506626
10939,Every time I see posted I wonder judges The point strength contest strength objectively measured heavy rock lift There literally reason judges,0.0023928345
10940,How power move,0.011200252
10941,This hits harder time I drank everclear church dinner,0.0033626936
10942,Low brightness much appreciated,0.0030231057
10943,I feel like listen way used Eddie Hall,0.007780698
10944,But people open others order burden people person lift spirits others,0.033592958
10945,I I hard time,0.0056772847
10946,Fuck yeah Neville Longbottom,0.020385182
10947,Sounds like something weaklings would say,0.015290644
10948,Why strongman competition bodybuilder judges Sorry bothering,0.009174957
10949,I I wierd I like beastars,0.009071366
10950,r egg irl,0.042060208
10951,Aww thanks,0.011605497
10952,Indeed,0.013882867
10953,He rock hard,0.010233551
10954,His wife must lucky,0.018122759
10955,3 thx,0.013154334
10956,No If open mean weak If u open stronger u got feelings u open u still getting feelings tough knock,0.0067234547
10957,If able communicate honesty want share thoughts desires dreams weak You need tell everyone everything withholding crucial information due insecurities fear hurting everyone In order us heal world important us stop afraid If others react opening shunning mean two things could occurring They insecure unaware actions destructive expressing cringey way self centered It responsibility find better ways communicating people make fun us acknowledge us respect continue share others realize need controlled others Irrational fear illusion time us stop afraid start loving,0.0024941473
10958,Sometimes people say If speak weak speak much weak Like really make mind Just let vent get rock shoulder,0.008244129
10959,This bothers,0.022102803
10960,Cuz I deal,0.018530216
10961,I see Maybe I missing correlation,0.0051146904
10962,I honestly get whole point debating strong It seems like pissing match It possible find strength pretty much everything everybody shows way,0.005165902
10963,Maybe people open every time ever get hurt way Opening based strong ready comfortable It hard ready,0.009029393
10964,If u open stronger u got feelings I kind get mean though sadly way others tend perceive I try true sincere transparent person around I get shunned opening Could society culture factors like guy,0.0026564493
10965,It always hard people mean never,0.007279295
10966,There always someone supporting You support need,0.008273026
10967,Sometimes odd appreciation enough little push,0.0054582907
10968,Me Can I Brain No Me Can I Friend Yes Brain maybe Me Eh start,0.3058362
10969,My dog thinks life He gets upset I leave 20 minutes I concerned life resumes,0.015756436
10970,I read Patrick voice,0.004635206
10971,My little puppy follows around I get home I give good pets tell hello,0.008903264
10972,My dog sees GIB FOODS YOU WEIRD FURLESS DOG,0.09379723
10973,lmfaooo dog wait go back sleeping 18 hours day,0.011520202
10974,Dogs Decent people They would understand,0.061218444
10975,Seriously I walk ten feet laundry room sits front door entire time whining There chance I may end working remotely permanently happen going rude awakening,0.001323655
10976,As knife guy I approve message,0.03774095
10977,I understand kiwi bit rusty rough translation Fuck You Bad Thoughts,0.0049891104
10978,penguin noise,0.0052078827
10979,poor Gunther,0.12061491
10980,My first panic attack caused friends,0.016980661
10981,Peace never option universal law mother nature,0.0054232874
10982,Panic attack knife sound like great idea,0.017312698
10983,Penguin Noise,0.0052078827
10984,I bit concerned kiwi always knife,0.043429937
10985,That NOT works,0.003671654
10986,I wish easy,0.003370573
10987,Just incase someone gets panic attacks comments My favourite exercise therapist gave panic attacks Five Senses exercise Make conscious effort notice present moment senses 5 things see 4 things feel 3 things hear 1 thing taste 1 thing smell It helped much,0.0072072865
10988,Wish I,0.0069920486
10989,This I love New Zealanders,0.010492793
10990,Begone bad Thoughts,0.0063058017
10991,penguin noise,0.0052078827
10992,penguin noise aka loudest noot ever nooted,0.007127618
10993,The penguin dropped mario shit work,0.97830814
10994,How I apply get friend like,0.0077653187
10995,Ohhhh I think heart melted,0.013860559
10996,I wish I kiwi help like,0.008185393
10997,Is Elizabeth,0.0075107235
10998,That supposed meme fsr,0.013185362
10999,I love Kiwi basically lol,0.007246915
11000,kiwi panic attack never option SHANK,0.005198859
11001,Never turn back kiwi,0.008215892
11002,Remember ever panic attack someone attack panic,0.017432597
11003,Fun fact Kiwiare like size basketballs,0.010454267
11004,stabs,0.026296483
11005,kiwi wholesome scary,0.045386206
11006,Then proceeds fillet penguin,0.004585142
11007,cute comic holy shit seriously stop using panic attack someone experiencing normal discomfort anxiety like jfc pop panic attack imaginary knife real one legit medical condition needs medical attention,0.9471042
11008,What,0.010684126
11009,r knifeguys,0.0088662375
11010,69 likes enjoy,0.0018796801
11011,Thank translation,0.0026245995
11012,I came say,0.0089971805
11013,You caused first panic attack You interpreted friends told decided panic Once understand efficient ways living life NEED panic Everything everything,0.012737738
11014,It load properly screen cut part kiwi hugged I thought stabbed,0.009073355
11015,Some people carry around pocket utility knives,0.007328219
11016,Peace never option,0.0036465896
11017,Now go neck little friend,0.01647451
11018,You gonna tell kiwi,0.062366694
11019,I enjoy cutlery This comic speaks aspect person,0.004258221
11020,Well sorta I guess,0.0032269382
11021,I always,0.008009743
